loop_rank,h1_feature_index,birth,death,persistence,num_points_in_loop,top_genres,top_artists,sample_songs
1,1681441,0.7913859486579895,inf,1.5373849868774414,2,,,None — give me a second i m trying to select the appropriate weapon watch where you stepping them snakes al...; None — go go go year of the rat last of the litter somebody shot the babysitter they say my middle name is ...
2,239940,0.9349689483642578,1.7435581684112549,1.3350124955177307,2,,,None — we d like to welcome everybody parents children teachers george w bush elementary we got some speake...; None — well i remember my first day at public school i was very scared of getting pummeled and sure enough ...
3,20251,1.4823201894760132,inf,1.276075839996338,2,"['folk-pop', 'indie pop']",Gregory and the Hawk,Gregory and the Hawk — quick rats win the race this time i saw it with my own eyes they were bugged out on the sugar heavy ...; None — and the water runs through the city underneath the street flowing faster faster than the rats try to...
4,318763,0.9155797958374023,0.9213973879814148,1.25490140914917,2,,,None — stackolee was a bad man everybody knows spent a hundred dollars for just one suit of clothes he was ...; None — he was selling postcards from a paper stand a whiskey bottle in his withered hand he put a finger on...
5,152756,0.9668514132499695,inf,1.2516587376594543,2,"['alternative americana', 'chamber pop', 'indie folk', 'indie rock', 'new americana', 'singer-songwriter', 'stomp and holler', 'swedish americana']",Phosphorescent,None — nature red in tooth and claw i haven t seemed to keep my powder dry i always seem to hear it in your...; Phosphorescent — aw come aw wry aw come aw wry aw come aw wry aw come aw wry...
6,898037,0.8421367406845093,inf,1.2485743165016174,2,,,None — mr carroll calls how you feeling dear leave a message love cause i m not here and it s all fun and i...; None — pray about it best protected and true i pray around it blissfully fulfilled with you i don t know ju...
7,241402,0.934559166431427,1.0327119827270508,1.2464780807495117,7,,,None — there are many different kinds of pets we have as friends let s sing about them all and the things t...; None — puppies are cuddly puppies are cute their never nasty or mean i d give a home to all the lost puppie...; None — hi and welcome to our practice kids five iron frenzy thanks a lot kitty doggy you re the one you re ...; None — now lookee here baby listen to my song don t get mad because it ain t no harm i want to play with yo...; None — how much is that doggie in the window the one with the waggly tail how much is that doggie in the wi...; None — now lookee here baby listen to my song don t get mad because it ain t no harm i want to play with yo...; None — a poodle plus a labrador is a woof woof poobrador a poodle plus a labrador is a woof woof poobrador ...
8,990021,0.8347601294517517,0.8708828687667847,1.2360607385635376,4,,,None — that s a pretty little sundress you got on and them pink flip flops look brand new got your toenails...; None — yeah uh uh uh now i don t care what you dress like or what you wear but please make sure baby you ve...; None — hey little girl don t forget that we ve got a date i ll be at the gate at precisely quarter to eight...; None — make sure your hair is up in a bun up in a bun up in a bun cause we dont need no interruptions when ...
9,104995,0.9950042366981506,inf,1.2282630801200867,2,,,None — he is not my friend but he is with me like a shadow is with a foot that falls his hand is on my back...; None — you two were friends before we met it s not my place to say it and he seems like an honest guy but h...
10,684400,0.8620584011077881,1.4588181972503662,1.2274333834648132,2,,,None — breathe paranoia crawls under my skin run if they catch up to me then they ll win a shot a cold almo...; None — hiding deep in the dark it s true what they say you re insane but you can t stop your morbid ways in...
11,1463931,0.8034129738807678,inf,1.2244304418563843,3,"['alternative rock', 'nu metal', 'pop rock', 'post-grunge', 'rock']",Collective Soul,None — got your hair all done up like a woman again got a feeling of gaze at the doorway again i feel alone...; Collective Soul — feels like a new regime all hail to the soul machine feels like what i taste always better than yest...; None — my friend it feels right it s got me and it s ringing bright so clear it s more fun lights on don t ...
12,192695,0.9502555131912231,0.9824818968772888,1.2240507006645203,6,"['album rock', 'classic rock', 'mellow gold'], ['canadian pop', 'canadian rock', 'comic', 'pop rock']","Mark Knopfler, Barenaked Ladies",Mark Knopfler — ive been banned from every racecourse in the country theres something about the unsure thing like sc...; None — for his 59th birthday singer keith morris had one wish to go skydiving with his band off this is tha...; Barenaked Ladies — trying to get away from banging on the tabletops screaming at the top of my lungs did it in a day wh...; None — i ve been a stand in a stunt man i ve taken some falls troubles i ve had my share but one has to lea...; None — when i was a young boy i wanted to be a film star i wanted to star in my own action film called moto...; None — i ve been a stand in a stunt man i ve taken some falls troubles i ve had my share but one has to lea...
13,25399,1.4446760416030884,inf,1.2147589325904846,2,,,None — my soul was swayed by violins and trees i was sick for dark as the wind sank through the breeze here...; None — creatures in the night i know your names as clear as dawn as im awakened by giants as passing trains...
14,14403,1.531005620956421,inf,1.2111190557479858,2,,,None — im looking for the upsides to these panic attack nights where im staying in eating take out food by ...; None — try putting on a brave face while everything is giving way night can undercut riverbank knowing that...
15,5718,1.651838779449463,inf,1.2061007022857666,2,"['comic', 'geek rock', 'permanent wave', 'zolo']",They Might Be Giants,None — hey you look like you belong in outer space hey i m running upside down here with a backward face wa...; They Might Be Giants — you say you ve got some very excellent news you say i m going to die when you tell me and in my way ...
16,5702,1.6524465084075928,inf,1.2055699825286865,3,,,None — what is that sound where is it coming from all around what are you running from something you don t ...; None — la la la la la la la la la la la la la la la la la la whoo what s that she said what s that she said...; None — la la la la la la la la la la la la la la la la la la whoo what s that she said what s that she said...
17,21110,1.4762904644012451,1.4918557405471802,1.2017463445663452,2,,,None — can i take you there somewhere far where nobody cares who we are what we doing here i just wanna rid...; None — it s been a lonely ride it s been a lonely ride i ve traveled far and wide across the countryside it...
18,267264,0.9276227355003357,inf,1.200307548046112,2,,,None — one two three mama told me not to waste my life she said spread your wings my little butterfly don t...; None — there ain t no wings on a pachyderm you re too fat to fly there ain t no wings on a barnyard pig you...
19,1683587,0.7912753820419312,1.3711344003677368,1.199398696422577,3,,,None — lock eyes from across the room down my drink while the rhythms boom take your hand and skip the name...; None — i wanted tenpence for the dryer yes that was how we met my laundry bag was broken my clothes were so...; None — i wanted tenpence for the dryer yes that was how we met my laundry bag was broken my clothes were so...
20,157973,0.9644033908843994,inf,1.1956262588500977,2,,,None — thank you so much i think that i probably should ve uh ended it on a higher note a big ending or wha...; None — yo it s your boys sam and colby spent like what two and a half weeks on this yeah not gonna lie we t...
21,47625,1.088710069656372,inf,1.1940829157829285,3,,,None — london callin speak the slang now boys say wha gwan girls say wha what london callin speak the slang...; None — it s the ceremonial slang ...; None — london callin speak the slang now boys say wha gwan girls say wha what london callin speak the slang...
22,8139,1.606069803237915,inf,1.1916637420654297,3,,,None — nothing we re doing nothing sitting and wondering why nothing s happening everyone was there in a wo...; None — post office clerks put up signs saying position closed and secretaries turn off typewriters and put ...; None — endless evenings of non exist are getting shorter monotonous like an intruder i belong outside altho...
23,98376,1.0003907680511475,inf,1.186919927597046,2,,,None — upon a time you live in a parish where flooding comes he ll kiss you to keep you there bon temps bre...; None — cheap shot hocked straight to the eardrum is it some sick sign of affection violated and singed with...
24,8990,1.592644453048706,1.6040306091308594,1.1858690977096558,2,,,None — pictures of my youth ask if i ve become what i wanted to keep moving don t look back keep moving don...; None — i can t remember anything my thoughts are constantly moving where will i be tomorrow where will i be...
25,276424,0.925314724445343,0.9759256839752197,1.1846855878829956,3,,,None — peter killed the dragon and he did it with his bare hands peter killed the dragon and he did it with...; None — peter said to paul you know all those words we wrote are just the rules of the game and the rules ar...; None — well he rode through the woods on a big blue ox he had fists as hard as choppin blocks five hundred ...
26,659305,0.8647303581237793,1.4385558366775513,1.1831847429275513,2,,,None — here we stand with a passion for life a world without hate no violence no strife see all there is to...; None — i realize the pursuit of peace is not as dramatic as the pursuit of war and frequently the words of ...
27,16298,1.513954997062683,inf,1.182191014289856,2,,,None — once upon a time i was the hurricane boy there was no eye in me for you to hide head low don t show ...; None — a weed believes the garden sunday clothes don t fool me the sky is full of our prayer prayer when yo...
28,265295,0.9281304478645325,inf,1.1820260882377625,2,,,None — your body s tellin me yes tellin me yes your eyes are tellin me yes tellin me yes don t give it to m...; None — originally known as answer renamed by mikael geerberg can you give an answer can you look right into...
29,528022,0.8805829882621765,inf,1.1765207052230835,2,"['boom bap', 'drill', 'underground hip hop']",Vic Spencer,Vic Spencer — ah yah look you aint gon whip get out my kitchen imma still go the distance i dont park cause i dont...; None — dont call it a movement theres other ways of saying it call it brown cable and im laying it down big...
30,944216,0.8383568525314331,inf,1.1731829047203064,4,,,None — uh lord plaza payless shoes got my shoes for cheap when my parents separated i cried for weeks had a...; None — this what god feel like huh he yeah laughin to the bank like a ha huh he yeah flex on swole like a h...; None — arms house records real life story done know how dem feel like me dawg gone but everything good stil...; None — well he opened up this shop at the age of nineteen stealin anything the eye could see said gather ro...
31,8419,1.601655125617981,1.696918249130249,1.1711585521697998,2,,,None — will you put down your fiddle young willie will you put down your fiddle and pray that the world has...; None — as the sun rose up over the sea everyone was singing in a minor key buddhists hindus jews and priest...
32,1631032,0.7940783500671387,1.1705974340438843,1.169762909412384,7,,,None — you heard im sorry too many times before but i dont want to be that man anymore so how about a secon...; None — it s not the first time won t be the last time for you it s not the first time it s not the first ti...; None — over again never again tell me you need me if you cannot back it up all i can say is you ve been neg...; None — this time if you want me to come back it s up to you but remember i won t allow the things you used ...; None — this time if you want me to come back it s up to you but remember i won t allow the things you used ...; None — this time if you want me to come back it s up to you but remember i won t allow the things you used ...; None — it s more than complicated i m think about the things you re saying it s feeling like the last time ...
33,129660,0.9788641333580017,1.4898796081542969,1.1695587635040283,3,,,None — first a boy and a girl meet each other then they sit down to talk for a while in your heart you ll w...; None — first a boy and a girl meet each other then they sit down to talk for a while in your heart you ll w...; None — young girl says to her mom how did you know that father was the one then mom just rolls her eyes she...
34,313911,0.9166010022163391,1.5810728073120117,1.167912483215332,2,,,None — god breathed on adam and here i am god breathed on adam adam sat all alone giving names to squirrels...; None — he took a hundred pounds of clay and then he said hey listen i m gonna fix this a world today becaus...
35,6676,1.6316437721252441,inf,1.167531967163086,2,,,None — i drank some dirty water shook evil hands i ve done some bad things and they get easier to do and th...; None — thank you for the flowers i threw them on the fire and i burned the photographs that you had enclose...
36,8169,1.605643630027771,inf,1.1666938066482544,2,,,None — you said youd come yesterday but you didnt told me you needed to stay on your own spending that time...; None — i m not up to scratch you started before me so get them in every drink you drink i ll match to dance...
37,6724,1.6306809186935425,inf,1.1666101217269897,2,"['alternative metal', 'groove metal', 'melodic metalcore', 'metal', 'nu metal', 'virginia metal']",Lamb of God,None — i watch you hold it above your head a web of broken shatters up it all collapsed as you clasped your...; Lamb of God — what s yours is unsure what s mine will stay mine stay sure the two never shall meet the only discus...
38,275064,0.9256545901298523,inf,1.1660215854644775,3,,,None — every time i look around my name is on your lips every time i look around you re further away every ...; None — it s plagiarism to part your lips what do your words mean now that history s been falsified your act...; None — hell bent on the past i ll become a martyr for your cause true revenge so here s to the friends i ve...
39,1211490,0.8189956545829773,inf,1.1653705835342407,2,"['ccm', 'christian alternative rock', 'christian music', 'worship'], ['deep ccm']","Delirious?, Tim Reimherr",Delirious? — the crucible for silver and the furnace for gold but the lord tests the heart of this child standing...; Tim Reimherr — my heart is stirred by a noble theme bringing blessed words unto my king giving up my love as a swee...
40,25368,1.4449098110198975,inf,1.1624374985694885,2,['rap rock'],Everlast,None — i ve been waiting on tonight crystallize crystallize i ve been looking in your eyes we re on the ris...; Everlast — yesterday just a dream i don t remember tomorrow still a hope i ve yet to endure i m out of time i m...
41,5643,1.6535035371780396,inf,1.161295771598816,2,,,None — let s take this back 2005 drinks are pouring and girls so fine so many dimes got dollars signs and t...; None — delilah been dancing for dollars delilah been looking for spin souls delilah been hanging round my t...
42,498566,0.884629487991333,1.0379029512405396,1.1570623517036438,4,,,None — sounds are cutoff short they make up rhythms and pixelated many pixel food well i thought i found a ...; None — i m ready to try this there s so much to see here i could be wealthy with nothing to stop me i m rea...; None — i said to the man on the door of my calm let me in it s time to begin he said i must go to a town in...; None — frequencies so low heart on a string a string that only plays solos rain made of echoes tidal wave r...
43,75169,1.0244747400283813,inf,1.155571162700653,3,"['melodic hardcore', 'punk', 'ska punk', 'skate punk', 'socal pop punk']",Lagwagon,None — english translation he was full of tenderness she was very hard and as much as she tried to stay thu...; Lagwagon — here he is he saves a grin he wants to be the one who doesn t have to sink a level indiscrete in his...; None — here he is he saves a grin he wants to be the one who doesn t have to sink a level indiscrete in his...
44,1466363,0.8032695651054382,0.9310285449028015,1.1546302437782288,3,,,None — they say we re reckless drivers the way we smash before we ve begun we both fight fire with fire to ...; None — i watch the lights blur into one and sound like a passing train with my head outside the car in the ...; None — a tercel and a civic collide does anybody notice if the drivers both burn and die does anybody mourn...
45,25370,1.444905400276184,inf,1.1540457010269165,2,['Unknown genre'],Jessie Baylin,Jessie Baylin — leave your mark just leave your mark on me leave your mark just leave your mark on me so if we part ...; None — a mission to your heart might as well be a mission to mars might as well be a shot in the dark im mi...
46,231315,0.9375091791152954,0.939180314540863,1.1539092063903809,3,,,None — that s all very well but what we gonna do about him later on when it s dark we ll take it to some se...; None — err simmer down ladies and gentlemen simmer down hey you re acting rather irresponsibly right now da...; None — we re cooking the books we re cooking the books here we were taking a bath so i took to the math eve...
47,453951,0.8911857604980469,inf,1.153217852115631,3,,,None — did you ever wander far from home far from what is safe and comfortable trading all your demons for ...; None — oh it s safe to say i knew it yeah i knew it all along asking the same questions singing the same so...; None — did you ever wander far from home far from what is safe and comfortable trading all your demons for ...
48,259922,0.9295110106468201,inf,1.1521997451782227,2,,,None — she s on another ship for heaven got her ticket there from lucifer himself second engine failing no ...; None — and 1 2 3 alice was born in nightmare land i would just like to comfort her and 1 2 3 alice fell dow...
49,441851,0.8931083083152771,inf,1.1512984037399292,2,['albany ny indie'],Wild Adriatic,None — well you ve got your diamonds and you ve got your pretty clothes and the chauffeur drives your car y...; Wild Adriatic — i gave you so much more than one man ever has when all you see is gold i wanna take it back if there...
50,695426,0.8609137535095215,1.4564539194107056,1.1510781049728394,8,,,None — i see a million walk the city mile the ticker tape kings and the juveniles will anybody tell me whic...; None — just listen don t do it pay attention here we go ah a pleasant day in egypt i see say what is this a...; None — it s just gone noon half past monsoon on the banks of the river nile here comes the boat only half a...; None — radio waves are coming miles and miles bringing only empty boats whatever feeling they had when they...; None — cairo cairo cairo is my baby s home see women in cairo women in cairo sure don t dance they don t da...; None — walking oh so slowly don t know anybody feels like i m in cairo talking oh so quickly please explain...; None — it s just gone noon half past monsoon on the banks of the river nile here comes the boat only half a...; None — i see a million walk the city mile the ticker tape kings and the juveniles will anybody tell me whic...
51,872220,0.8443037867546082,inf,1.1504467129707336,2,,,None — each day a new step up the stairway to heaven to get closer to god i intersect with my brethren spir...; None — unu aneddu e oro custos contos no ant printzipiu e mai de aere fine sempere semus istados stand stan...
52,366352,0.9060629606246948,inf,1.149678111076355,4,['Unknown genre'],Walk the Moon,None — you ask me where i ve been earth friend searching searching for the truth reaching out listening man...; None — where was i before you found me who was i and what had bound me where was love and understanding why...; None — i met you through a common friend in the attic of my parents house and though i didn t know it then ...; Walk the Moon — if you were lost and i came find you i got lost too you would find a way in the dark there s a light...
53,964949,0.8367131352424622,inf,1.1494958400726318,2,,,None — drop down drop down itty bitty kitty crept up to my house i gave her a treat and she went boom pow a...; None — you come around my door i ve heard it all before you come around and then you go bang bang don t mak...
54,6758,1.6298681497573853,inf,1.1482378244400024,2,"['emo', 'sasscore', 'screamo', 'skramz']",Funeral Diner,Funeral Diner — knowing yet again that familiar feeling that torn chance dream held together by just that little bit...; None — i could feel at the time there was no way of knowing fallen leaves in the night who can say where th...
55,208754,0.9446780681610107,0.9478150606155396,1.1471731066703796,3,['modern hard rock'],Crobot,None — transferred from earth into outer space a base on mars the most desolate place home to secret projec...; Crobot — legend of the spaceborne killer the legend of the spaceborne killer made the front page today nobody...; None — space invaders space invaders space iivaders space invaders from out of space across the universe we...
56,2055363,0.7725938558578491,inf,1.1467872858047485,2,['brooklyn indie'],Ambulance LTD,None — be my thoughts let me go don t you see me i am here a wave s about to disappear paint a picture put ...; Ambulance LTD — slip into the warm of a touch with a photograph of some love once you re gone i came home but my key...
57,1090571,0.8273012042045593,0.8328061103820801,1.1464996337890625,3,,,None — comin to ya on a dusty road good lovin i got a truck load and when you get it you got something so d...; None — sit back relax and listen to the 8 track dig it like an old soul record yes i m diggin you i dig you...; None — comin to ya on a dusty road good lovin i got a truck load and when you get it you got something so d...
58,5705,1.6523826122283936,inf,1.1461375951766968,2,,,None — i didn t know that this something was really nothing in my way but now i know that this something ju...; None — some things aren t meant to be some things we push away willingly like love like confidence like eve...
59,72188,1.0285085439682007,1.0395913124084473,1.1452261209487915,4,"['breakbeat', 'brostep', 'deep dnb', 'drum and bass', 'dutch dnb', 'electro house', 'neurofunk']",Noisia,Noisia — alpha centauri harder better faster stronger yo yeaah centauri yo ...; None — through the milky way in my spaceship at the speed of light i m gonna make it i know you ve been exp...; None — every comet has a story every nova is a playground we can get there if we get down we burn up on re ...; None — alpha centauri harder better faster stronger yo yeaah centauri yo ...
60,1182397,0.820925772190094,0.8218579292297363,1.1447375416755676,2,"['alternative emo', 'emo', 'emo punk', 'indie punk', 'melodic hardcore', 'new jersey hardcore', 'new jersey indie', 'orgcore', 'post-hardcore', 'skate punk', 'straight edge']",Lifetime,Lifetime — across the stations it s a fact there ain t no place left to stop two far away for me to hold cupboa...; None — far is not the word because i m never far enough i ve been planning this for thirty years no one s g...
61,1483593,0.802281379699707,1.2085094451904297,1.1438366174697876,2,"['britpop', 'candy pop']",Echobelly,None — i can be something more now i see what time is for now i know how little i can hold i can be what i ...; Echobelly — i wanna do great things i don t wanna compromise i wanna know what life is i wanna know everything i...
62,5844,1.6487383842468262,inf,1.1437422037124634,2,,,None — woo take a walk in the warm new england sun ain t no time to look for clues you get the point from u...; None — oh pour me another drink and punch me in the face you can call me nancy every man wears a symbol and...
63,138487,0.9740270376205444,0.9785064458847046,1.14334237575531,4,,,None — your city s a sucker your city s a sucker your city s a sucker your city s a sucker your city s a su...; None — everywhere i go i m first in line don t need no money got lots of time bottom of my list is tea with...; None — i m a nicely zooted new car owner and i m somewhat convoluted because i m living in a coma i render ...; None — your city s a sucker your city s a sucker your city s a sucker your city s a sucker your city s a su...
64,110916,0.9907472133636475,1.0368448495864868,1.1429322361946106,5,,,None — rights for gays oh yeah right now rights for gays coming out and they re not going to hell tie them ...; None — strictly prohibited freedom to deny permissions outreached banned strictly prohibited raw being disa...; None — you ve got a right you ve got a right you ve got a right you re a human being you re a human being y...; None — basic right we must defend choose whether and when without being demonized because what control can ...; None — this is my right a right given by god to live a free life to live in freedom talking about freedom i...
65,5899,1.6477094888687134,inf,1.1416816711425781,2,,,None — drunk in the sunlight i have realized i m empty blind fine by me we speak easy lie down quickly from...; None — i m in a bus drunk did little fishing i m in a bus drunk did little fishing i m in the bus drunk do ...
66,904671,0.8415801525115967,inf,1.1411491632461548,2,,,None — go on and come down and i m not gonna wise up cause i wanna feel something that sets me in motion an...; None — and you keep me coming back for more got me wondering what you got in store yes you keep me coming b...
67,5997,1.6453379392623901,inf,1.140882134437561,2,,,None — i cant speak for anybody else i only represent myself but if i had to say something id say this part...; None — if you had a bad time at one of my parties well i wouldn t expect to be seeing you soon and that s f...
68,6209,1.6405134201049805,inf,1.1404597759246826,2,,,None — everything that keeps me together is falling apart i got this thing that i consider my only art of f...; None — i looked up saw a cloud floating by without a sound banana slugs do their yin yang thing a hermaphro...
69,111603,0.9902350306510925,inf,1.1400651931762695,2,,,None — i went across to switzerland where all the yodellers be to try to learn to yodel with my yodel oh ee...; None — ah yodel ay heeee he he he ah yodel oh hooo hoo hoo hoo ah yodel ay heeee he he he well my hat s don...
70,254078,0.9310678839683533,inf,1.1379689574241638,2,,,None — senpai i saw you at school today took your picture then i snuck away i want you to notice me but i m...; None — i hide only to defy you take away the only love inside you i ll see your face through everyone insid...
71,31756,1.3924667835235596,inf,1.1365432739257812,2,,,None — can you tell me how close is too close how far is too far i gotta know you see beauty in the things ...; None — will we wait too long cause i m not sure if there is anything left here we should be waiting for cau...
72,459879,0.8902925252914429,inf,1.134843111038208,11,"['neo mellow', 'pop rock'], ['contemporary country', 'country', 'country road', 'modern country rock']","O.A.R., Chris Cagle",None — it was a hot hot day the middle of may saw this lady just walking my way she was the cutest thing i ...; None — can i tell you about the craziest day i ever had it started with a boy just running from his past an...; None — it was labor day weekend i was seventeen i bought a coke and some gasoline and i drove out to the co...; None — i met a little spanish girl on the fifth of may a pretty seorita get down she lived in east l a down...; None — once met a girl from roanoke virginia her eyes were green her hair was red she was 24 and i was 19 a...; None — well i was working on the kcs rail line katie was the girl down the street well i took her to a danc...; O.A.R. — it was a hot hot day the middle of may saw this lady just walking my way she was the cutest thing i ...; None — 4th of july cypress cool meeting our friends to watch the show bunch of boats tied up on the dock ya...; None — i remember standing on the corner at midnight trying to get my courage up there was this long lovely...; None — it was labor day weekend i was seventeen i bought a coke and a some gasoline and i drove out to the ...
73,16744,1.509838581085205,inf,1.1345974206924438,2,,,None — when heaven comes down look out they say i m a loser and it s tearing me apart but i ll show them th...; None — sooner or later it all comes crashing down crashing down when everyone s around i bet you would ve p...
74,6058,1.6437503099441528,inf,1.133945107460022,3,,,None — along the way mistakes were made they ll call it fate a world of slaves driven insane and thrown awa...; None — rain and fire crossed that ocean another mad man done struck again rain and fire crossed that ocean ...; None — rain and fire crossed that ocean another mad man done struck again rain and fire crossed that ocean ...
75,6703,1.6311570405960083,inf,1.1331266164779663,2,,,None — i m living my patience and my motivation i put them on separate teams maybe i found someone i really...; None — tomorrow i am leaving for baltimore you think i act like harry potter like you re voldemort i don t ...
76,573769,0.8746735453605652,inf,1.1302701234817505,2,,,None — met a woman that was alright uh huh met a woman that was alright met a woman that was alright uh huh...; None — intro woman of my dreams mi wonder if mi a go meet you in reality baby baby woman of my dreams mi wo...
77,291562,0.9216762185096741,inf,1.1287497878074646,3,,,None — lookin back i should ve left her frozen wrinkle up my nose yeah there s somethin decomposin energy l...; None — interstellar overdrive is playing on her phonograph she believes he s still alive out there in his h...; None — an astronaut lost his finger to the back of a grain truck and i can t stop thinking about it i m thi...
78,6722,1.6306936740875244,inf,1.128447413444519,2,"['acoustic blues', 'blues', 'country blues', 'delta blues', 'texas blues', 'traditional blues']",Lightnin' Hopkins,Lightnin' Hopkins — last night i lost the best friend i ll ever have last night i lost the best friend i ll ever have yo...; None — i m sorry but someone has to lose in the game of life and tonight that someone is you we went from b...
79,6536,1.634168267250061,inf,1.1272226572036743,2,"['australian alternative rock', 'australian rock', 'australian ska', 'pop rock', 'punk', 'skate punk']",The Living End,None — you ve got the devil in you eyes you ve got a monkey up your sleeve oh show it to me again i ll watc...; The Living End — everywhere i turn everywhere i go there s another monkey on my back everything i see everything i he...
80,6823,1.6286097764968872,inf,1.126417875289917,2,,,None — hey there mister build a fence round your sister it s the the boys night out hey there buster it s t...; None — meet de boys on the battlefront meet de boys on the battlefront meet de boys on the battlefront yeah...
81,5777,1.6505379676818848,inf,1.1264127492904663,2,,,None — everybody talking bout 1 2 3 4 everybody talking bout 1 2 3 4 everybody do the 1 2 3 4 everybody tal...; None — here now long gone three freaks in a vanagon went to the river but the river got dry and all the goo...
82,5994,1.645398736000061,inf,1.1244916915893555,2,,,None — maybe i should leave her maybe i don t need her maybe i was wrong maybe she was right maybe i believ...; None — she says she don t love me but i don t know says she don t love me but how can this be so if she don...
83,127286,0.9802362322807312,1.6082797050476074,1.1242411136627197,2,"['art rock', 'glam rock', 'new romantic', 'new wave', 'new wave pop', 'post-punk', 'protopunk', 'pub rock', 'punk', 'rock', 'ska', 'synthpop', 'zolo']",The Stranglers,None — mad in madrid ill in seville lonely in barcelona then someone told you and you cheered hooray hooray...; The Stranglers — found a place in the southern reaches a day or two in a saddle ride if you re looking for leather br...
84,642262,0.8666162490844727,1.562262773513794,1.124228596687317,9,"['indie pop', 'indie rock', 'springfield mo indie', 'stomp and holler'], ['noise pop', 'noise rock', 'steampunk']","Someone Still Loves You Boris Yeltsin, Scarling.",None — one time at a party devoid of story i went to your room took off my shirt and someone walked in your...; None — going to a party downtown and i knew the crowd and everyone was strange looking sideways at my funny...; None — one night i was late came home from a date slipped out of my shoes at the door then from the front r...; Someone Still Loves You Boris Yeltsin — we got so goddamn drunk i felt ashamed when we woke up does anyone remember why i got those scratche...; None — you gave me a drum i forget where it came from you threw a party and you asked me to come i think th...; None — oh we were strangers in a really big city got excited by the sound of a party now my heart beat whil...; None — it was three o clock in the morning and you told me to come over told me about your crazy fantasy so...; None — what did i say to him last night i can t feel my face tryin to focus but my mind ain t right i remem...; Scarling. — i threw a party but nobody came i had this friend i don t recall his name and we we built a house wh...
85,381015,0.9033878445625305,inf,1.1238731145858765,2,,,None — on the firefly platform on sunny goodge street violent ash smokers shook a chocolate machine involve...; None — waking up again shaking off the strange they plug into your mind as they re whispering your name col...
86,684264,0.8620725274085999,inf,1.123723566532135,2,,,None — there will be better days there will be better days there will be better days there will be better d...; None — woke up today in casts of blue and helplessly pretending we ll get better over time goodbyes will ch...
87,6292,1.6391377449035645,inf,1.1236379146575928,2,,,None — flesh and blood they are hiding a mystery gods above is there anybody listening no we re not getting...; None — healed by metal healed by metal i m walking on water change water to wine i am the healer i ll send ...
88,6046,1.6441020965576172,inf,1.1234016418457031,3,,,None — hallie says that she wants to stay up till the sun let s make friends with the cool kids just this o...; None — we should go to sleep now you should stay the night i ll be up to watch the world around us live and...; None — we should go to sleep now you should stay the night i ll be up to watch the world around us live and...
89,5986,1.6456284523010254,inf,1.1232844591140747,2,,,None — how can we know love when we were never shown it little richie was the runt of the litter given a th...; None — he didn t have the answers to half the questions his son ask him a child s mind is a curious thing b...
90,54832,1.0623856782913208,inf,1.1228476166725159,4,"['alternative metal', 'death metal', 'groove metal', 'nu metal', 'rap rock']",Nailbomb,None — this glove s really cool wow oh why don t you take it oh no no i couldn t why not are you sure i bou...; Nailbomb — carve your rights into your arm so they won t get taken away trying in vain to figure it out always ...; None — i wasted time and i wont ever get it back i tried to twist the hands back to where i wanted but i kn...; None — trick your brain to set the score can you take the pain at all i try to understand you girl but you ...
91,1303946,0.8130350708961487,inf,1.1227505207061768,2,,,None — i can t believe it s true you got me breathin fire and there s nothing i can do you always mining fo...; None — what you wanna do what you wanna do what you wanna do what you wanna do we re at the bridge together...
92,17701,1.5023143291473389,inf,1.1225762367248535,2,,,None — baby high all alone baby high all a when i was young i was told that falling would make me strong ru...; None — saturday was a good day for you to go youve been falling in your own home in a room with the curtain...
93,177820,0.955892026424408,inf,1.1221738457679749,7,"['glam rock', 'mellow gold', 'piano rock'], ['grunge']","Elton John, Gas Huffer",Elton John — you wore a little cross of gold around your neck i saw it as you flew between my reason like a raven...; None — if the sea shakes like an empty maraca i know i know i know i know and she falls in love with the so...; None — all around me is sadness i bring everybody down oh my life is madness where have i lost my crown all...; None — the geese have flown way up high clean over hill and vale...; None — fly great bird taus fly to the sunrise your feathers and the crown the symbols of your strength taus...; None — i hear them squeal i see them preen fans all spread out neat and clean grab hold of the morning head...; Gas Huffer — flapping ragged wings over pawns and kings there is often much talk of the fortune it brings each be...
94,5743,1.651343822479248,inf,1.1217893362045288,2,,,None — and will we ever feel that way again like we were so close that we could live inside of one another ...; None — talking bout things we ve seen paris to oslo seem like dreams looking back was it real you know how ...
95,48016,1.087039589881897,inf,1.1211888790130615,2,,,None — and he think i don t know he think i don t know oh and he think i don t know he think i don t know o...; None — not cause i just asked him like how many people have you slept with what did he say he was like 20 t...
96,5714,1.6520395278930664,inf,1.1201045513153076,2,,,None — the girl in the other room she knows by now there s something in all of her fears now she wears it t...; None — in my room she ll get to you in my room she ll get to you in my room could i turn on a lie impress u...
97,285443,0.9231547117233276,0.9361461997032166,1.120017647743225,4,,,None — go forth blindly go forth and be hollow make excuses set those fires lick that salt off your skin i ...; None — six by nine and counting down in one after the other they ll go running up and down the road angry a...; None — gracefully and peacefully still enraptured they parade selfishly and blissfully you fail to see the ...; None — how must you feel up there so exalted with such a haughty attitude no one s inferior to your wise wo...
98,603060,0.8711227774620056,inf,1.1190475225448608,3,,,None — i get along with everyone i meet i m so sweet you re in a bad mood every time you wake up with the b...; None — you re a lady you re an angel bringin sunshine to my life you re closest thing heaven that i ve ever...; None — you re a lady you re an angel bringin sunshine to my life you re closest thing heaven that i ve ever...
99,6271,1.6394915580749512,inf,1.1175557374954224,2,,,None — where there are no things there is no time i see space existing only where there are things but we f...; None — weightless i reckon heaven is a place where time is nonexistent yeah and the things that are importa...
100,5775,1.6505507230758667,inf,1.1163876056671143,2,,,None — top of the morning no it s not a new day but it s time to wake up yes it s time to wake up did you e...; None — mhm okay i hear you no yes i m your servant i have the plan and i ll give it to em like you told me ...
